txn_date,is_stationary,amount,amount_diff,lag_1,lag_2,lag_3,lag_4,lag_5,lag_6,lag_7,lag_8,lag_9,lag_10,lag_11,lag_12,lag_13
2020-07-27,False,3433.5,3433.5,3433.5,2197.5,2300.5,2644.5,2431.75,3362.25,3033.0,2955.5,2001.05,2423.3,2977.8,3000.0,2780.8
2020-07-28,False,1990.0,1990.0,1990.0,3433.5,2197.5,2300.5,2644.5,2431.75,3362.25,3033.0,2955.5,2001.05,2423.3,2977.8,3000.0
2020-07-29,False,1897.5,1897.5,1897.5,1990.0,3433.5,2197.5,2300.5,2644.5,2431.75,3362.25,3033.0,2955.5,2001.05,2423.3,2977.8
2020-07-30,False,3244.5,3244.5,3244.5,1897.5,1990.0,3433.5,2197.5,2300.5,2644.5,2431.75,3362.25,3033.0,2955.5,2001.05,2423.3
2020-07-31,False,3225.0,3225.0,3225.0,3244.5,1897.5,1990.0,3433.5,2197.5,2300.5,2644.5,2431.75,3362.25,3033.0,2955.5,2001.05
2020-08-01,False,2413.5,2413.5,2413.5,3225.0,3244.5,1897.5,1990.0,3433.5,2197.5,2300.5,2644.5,2431.75,3362.25,3033.0,2955.5
2020-08-02,False,3237.0,3237.0,3237.0,2413.5,3225.0,3244.5,1897.5,1990.0,3433.5,2197.5,2300.5,2644.5,2431.75,3362.25,3033.0
2020-08-03,False,1788.25,1788.25,1788.25,3237.0,2413.5,3225.0,3244.5,1897.5,1990.0,3433.5,2197.5,2300.5,2644.5,2431.75,3362.25
2020-08-04,False,2218.0,2218.0,2218.0,1788.25,3237.0,2413.5,3225.0,3244.5,1897.5,1990.0,3433.5,2197.5,2300.5,2644.5,2431.75
2020-08-05,False,2780.75,2780.75,2780.75,2218.0,1788.25,3237.0,2413.5,3225.0,3244.5,1897.5,1990.0,3433.5,2197.5,2300.5,2644.5
2020-08-06,False,3115.05,3115.05,3115.05,2780.75,2218.0,1788.25,3237.0,2413.5,3225.0,3244.5,1897.5,1990.0,3433.5,2197.5,2300.5
2020-08-07,False,2274.0,2274.0,2274.0,3115.05,2780.75,2218.0,1788.25,3237.0,2413.5,3225.0,3244.5,1897.5,1990.0,3433.5,2197.5
2020-08-08,False,1814.75,1814.75,1814.75,2274.0,3115.05,2780.75,2218.0,1788.25,3237.0,2413.5,3225.0,3244.5,1897.5,1990.0,3433.5
2020-08-09,False,2690.0,2690.0,2690.0,1814.75,2274.0,3115.05,2780.75,2218.0,1788.25,3237.0,2413.5,3225.0,3244.5,1897.5,1990.0
2020-08-10,False,2953.55,2953.55,2953.55,2690.0,1814.75,2274.0,3115.05,2780.75,2218.0,1788.25,3237.0,2413.5,3225.0,3244.5,1897.5
2020-08-11,False,2409.5,2409.5,2409.5,2953.55,2690.0,1814.75,2274.0,3115.05,2780.75,2218.0,1788.25,3237.0,2413.5,3225.0,3244.5
2020-08-12,False,1918.75,1918.75,1918.75,2409.5,2953.55,2690.0,1814.75,2274.0,3115.05,2780.75,2218.0,1788.25,3237.0,2413.5,3225.0
2020-08-13,False,2734.5,2734.5,2734.5,1918.75,2409.5,2953.55,2690.0,1814.75,2274.0,3115.05,2780.75,2218.0,1788.25,3237.0,2413.5
2020-08-14,False,2624.25,2624.25,2624.25,2734.5,1918.75,2409.5,2953.55,2690.0,1814.75,2274.0,3115.05,2780.75,2218.0,1788.25,3237.0
2020-08-15,False,3255.25,3255.25,3255.25,2624.25,2734.5,1918.75,2409.5,2953.55,2690.0,1814.75,2274.0,3115.05,2780.75,2218.0,1788.25
2020-08-16,False,2814.5,2814.5,2814.5,3255.25,2624.25,2734.5,1918.75,2409.5,2953.55,2690.0,1814.75,2274.0,3115.05,2780.75,2218.0
2020-08-17,False,2060.5,2060.5,2060.5,2814.5,3255.25,2624.25,2734.5,1918.75,2409.5,2953.55,2690.0,1814.75,2274.0,3115.05,2780.75
2020-08-18,False,2905.55,2905.55,2905.55,2060.5,2814.5,3255.25,2624.25,2734.5,1918.75,2409.5,2953.55,2690.0,1814.75,2274.0,3115.05
2020-08-19,False,1991.25,1991.25,1991.25,2905.55,2060.5,2814.5,3255.25,2624.25,2734.5,1918.75,2409.5,2953.55,2690.0,1814.75,2274.0
2020-08-20,False,1821.0,1821.0,1821.0,1991.25,2905.55,2060.5,2814.5,3255.25,2624.25,2734.5,1918.75,2409.5,2953.55,2690.0,1814.75
2020-08-21,False,2572.05,2572.05,2572.05,1821.0,1991.25,2905.55,2060.5,2814.5,3255.25,2624.25,2734.5,1918.75,2409.5,2953.55,2690.0
2020-08-22,False,3365.5,3365.5,3365.5,2572.05,1821.0,1991.25,2905.55,2060.5,2814.5,3255.25,2624.25,2734.5,1918.75,2409.5,2953.55
2020-08-23,False,2057.8,2057.8,2057.8,3365.5,2572.05,1821.0,1991.25,2905.55,2060.5,2814.5,3255.25,2624.25,2734.5,1918.75,2409.5
2020-08-24,False,1757.0,1757.0,1757.0,2057.8,3365.5,2572.05,1821.0,1991.25,2905.55,2060.5,2814.5,3255.25,2624.25,2734.5,1918.75
2020-08-25,False,2579.0,2579.0,2579.0,1757.0,2057.8,3365.5,2572.05,1821.0,1991.25,2905.55,2060.5,2814.5,3255.25,2624.25,2734.5
2020-08-26,False,2764.75,2764.75,2764.75,2579.0,1757.0,2057.8,3365.5,2572.05,1821.0,1991.25,2905.55,2060.5,2814.5,3255.25,2624.25
2020-08-27,False,2558.0,2558.0,2558.0,2764.75,2579.0,1757.0,2057.8,3365.5,2572.05,1821.0,1991.25,2905.55,2060.5,2814.5,3255.25
2020-08-28,False,1777.5,1777.5,1777.5,2558.0,2764.75,2579.0,1757.0,2057.8,3365.5,2572.05,1821.0,1991.25,2905.55,2060.5,2814.5
2020-08-29,False,1845.25,1845.25,1845.25,1777.5,2558.0,2764.75,2579.0,1757.0,2057.8,3365.5,2572.05,1821.0,1991.25,2905.55,2060.5
2020-08-30,False,2145.0,2145.0,2145.0,1845.25,1777.5,2558.0,2764.75,2579.0,1757.0,2057.8,3365.5,2572.05,1821.0,1991.25,2905.55
2020-08-31,False,3159.0,3159.0,3159.0,2145.0,1845.25,1777.5,2558.0,2764.75,2579.0,1757.0,2057.8,3365.5,2572.05,1821.0,1991.25
2020-09-01,False,2369.0,2369.0,2369.0,3159.0,2145.0,1845.25,1777.5,2558.0,2764.75,2579.0,1757.0,2057.8,3365.5,2572.05,1821.0
2020-09-02,False,2452.5,2452.5,2452.5,2369.0,3159.0,2145.0,1845.25,1777.5,2558.0,2764.75,2579.0,1757.0,2057.8,3365.5,2572.05
2020-09-03,False,3418.5,3418.5,3418.5,2452.5,2369.0,3159.0,2145.0,1845.25,1777.5,2558.0,2764.75,2579.0,1757.0,2057.8,3365.5
2020-09-04,False,2591.0,2591.0,2591.0,3418.5,2452.5,2369.0,3159.0,2145.0,1845.25,1777.5,2558.0,2764.75,2579.0,1757.0,2057.8
2020-09-05,False,2163.75,2163.75,2163.75,2591.0,3418.5,2452.5,2369.0,3159.0,2145.0,1845.25,1777.5,2558.0,2764.75,2579.0,1757.0
2020-09-06,False,2720.0,2720.0,2720.0,2163.75,2591.0,3418.5,2452.5,2369.0,3159.0,2145.0,1845.25,1777.5,2558.0,2764.75,2579.0
2020-09-07,False,1782.0,1782.0,1782.0,2720.0,2163.75,2591.0,3418.5,2452.5,2369.0,3159.0,2145.0,1845.25,1777.5,2558.0,2764.75
2020-09-08,False,2286.55,2286.55,2286.55,1782.0,2720.0,2163.75,2591.0,3418.5,2452.5,2369.0,3159.0,2145.0,1845.25,1777.5,2558.0
2020-09-09,False,2372.55,2372.55,2372.55,2286.55,1782.0,2720.0,2163.75,2591.0,3418.5,2452.5,2369.0,3159.0,2145.0,1845.25,1777.5
2020-09-10,False,3512.5,3512.5,3512.5,2372.55,2286.55,1782.0,2720.0,2163.75,2591.0,3418.5,2452.5,2369.0,3159.0,2145.0,1845.25
2020-09-11,False,2457.0,2457.0,2457.0,3512.5,2372.55,2286.55,1782.0,2720.0,2163.75,2591.0,3418.5,2452.5,2369.0,3159.0,2145.0
2020-09-12,False,1895.25,1895.25,1895.25,2457.0,3512.5,2372.55,2286.55,1782.0,2720.0,2163.75,2591.0,3418.5,2452.5,2369.0,3159.0
2020-09-13,False,2034.55,2034.55,2034.55,1895.25,2457.0,3512.5,2372.55,2286.55,1782.0,2720.0,2163.75,2591.0,3418.5,2452.5,2369.0
2020-09-14,False,2243.75,2243.75,2243.75,2034.55,1895.25,2457.0,3512.5,2372.55,2286.55,1782.0,2720.0,2163.75,2591.0,3418.5,2452.5
2020-09-15,False,3354.85,3354.85,3354.85,2243.75,2034.55,1895.25,2457.0,3512.5,2372.55,2286.55,1782.0,2720.0,2163.75,2591.0,3418.5
2020-09-16,False,3265.5,3265.5,3265.5,3354.85,2243.75,2034.55,1895.25,2457.0,3512.5,2372.55,2286.55,1782.0,2720.0,2163.75,2591.0
2020-09-17,False,2839.25,2839.25,2839.25,3265.5,3354.85,2243.75,2034.55,1895.25,2457.0,3512.5,2372.55,2286.55,1782.0,2720.0,2163.75
2020-09-18,False,1861.8,1861.8,1861.8,2839.25,3265.5,3354.85,2243.75,2034.55,1895.25,2457.0,3512.5,2372.55,2286.55,1782.0,2720.0
2020-09-19,False,3311.5,3311.5,3311.5,1861.8,2839.25,3265.5,3354.85,2243.75,2034.55,1895.25,2457.0,3512.5,2372.55,2286.55,1782.0
2020-09-20,False,2670.25,2670.25,2670.25,3311.5,1861.8,2839.25,3265.5,3354.85,2243.75,2034.55,1895.25,2457.0,3512.5,2372.55,2286.55
2020-09-21,False,2312.6000000000004,2312.6000000000004,2312.6000000000004,2670.25,3311.5,1861.8,2839.25,3265.5,3354.85,2243.75,2034.55,1895.25,2457.0,3512.5,2372.55
2020-09-22,False,2060.0,2060.0,2060.0,2312.6000000000004,2670.25,3311.5,1861.8,2839.25,3265.5,3354.85,2243.75,2034.55,1895.25,2457.0,3512.5
2020-09-23,False,1885.0,1885.0,1885.0,2060.0,2312.6000000000004,2670.25,3311.5,1861.8,2839.25,3265.5,3354.85,2243.75,2034.55,1895.25,2457.0
2020-09-24,False,2501.25,2501.25,2501.25,1885.0,2060.0,2312.6000000000004,2670.25,3311.5,1861.8,2839.25,3265.5,3354.85,2243.75,2034.55,1895.25
2020-09-25,False,3080.5,3080.5,3080.5,2501.25,1885.0,2060.0,2312.6000000000004,2670.25,3311.5,1861.8,2839.25,3265.5,3354.85,2243.75,2034.55
2020-09-26,False,3256.75,3256.75,3256.75,3080.5,2501.25,1885.0,2060.0,2312.6000000000004,2670.25,3311.5,1861.8,2839.25,3265.5,3354.85,2243.75
2020-09-27,False,2001.5,2001.5,2001.5,3256.75,3080.5,2501.25,1885.0,2060.0,2312.6000000000004,2670.25,3311.5,1861.8,2839.25,3265.5,3354.85
2020-09-28,False,3304.75,3304.75,3304.75,2001.5,3256.75,3080.5,2501.25,1885.0,2060.0,2312.6000000000004,2670.25,3311.5,1861.8,2839.25,3265.5
2020-09-29,False,1743.5,1743.5,1743.5,3304.75,2001.5,3256.75,3080.5,2501.25,1885.0,2060.0,2312.6000000000004,2670.25,3311.5,1861.8,2839.25
2020-09-30,False,2270.5,2270.5,2270.5,1743.5,3304.75,2001.5,3256.75,3080.5,2501.25,1885.0,2060.0,2312.6000000000004,2670.25,3311.5,1861.8
2020-10-01,False,1794.8,1794.8,1794.8,2270.5,1743.5,3304.75,2001.5,3256.75,3080.5,2501.25,1885.0,2060.0,2312.6000000000004,2670.25,3311.5
2020-10-02,False,3324.5,3324.5,3324.5,1794.8,2270.5,1743.5,3304.75,2001.5,3256.75,3080.5,2501.25,1885.0,2060.0,2312.6000000000004,2670.25
2020-10-03,False,3105.0,3105.0,3105.0,3324.5,1794.8,2270.5,1743.5,3304.75,2001.5,3256.75,3080.5,2501.25,1885.0,2060.0,2312.6000000000004
2020-10-04,False,2769.0,2769.0,2769.0,3105.0,3324.5,1794.8,2270.5,1743.5,3304.75,2001.5,3256.75,3080.5,2501.25,1885.0,2060.0
2020-10-05,False,2191.75,2191.75,2191.75,2769.0,3105.0,3324.5,1794.8,2270.5,1743.5,3304.75,2001.5,3256.75,3080.5,2501.25,1885.0
2020-10-06,False,3492.55,3492.55,3492.55,2191.75,2769.0,3105.0,3324.5,1794.8,2270.5,1743.5,3304.75,2001.5,3256.75,3080.5,2501.25
2020-10-07,False,3582.05,3582.05,3582.05,3492.55,2191.75,2769.0,3105.0,3324.5,1794.8,2270.5,1743.5,3304.75,2001.5,3256.75,3080.5
2020-10-08,False,2064.55,2064.55,2064.55,3582.05,3492.55,2191.75,2769.0,3105.0,3324.5,1794.8,2270.5,1743.5,3304.75,2001.5,3256.75
2020-10-09,False,2642.05,2642.05,2642.05,2064.55,3582.05,3492.55,2191.75,2769.0,3105.0,3324.5,1794.8,2270.5,1743.5,3304.75,2001.5
2020-10-10,False,2649.25,2649.25,2649.25,2642.05,2064.55,3582.05,3492.55,2191.75,2769.0,3105.0,3324.5,1794.8,2270.5,1743.5,3304.75
2020-10-11,False,2733.55,2733.55,2733.55,2649.25,2642.05,2064.55,3582.05,3492.55,2191.75,2769.0,3105.0,3324.5,1794.8,2270.5,1743.5
2020-10-12,False,2369.75,2369.75,2369.75,2733.55,2649.25,2642.05,2064.55,3582.05,3492.55,2191.75,2769.0,3105.0,3324.5,1794.8,2270.5
2020-10-13,False,3291.5,3291.5,3291.5,2369.75,2733.55,2649.25,2642.05,2064.55,3582.05,3492.55,2191.75,2769.0,3105.0,3324.5,1794.8
2020-10-14,False,2549.0,2549.0,2549.0,3291.5,2369.75,2733.55,2649.25,2642.05,2064.55,3582.05,3492.55,2191.75,2769.0,3105.0,3324.5
2020-10-15,False,2138.8,2138.8,2138.8,2549.0,3291.5,2369.75,2733.55,2649.25,2642.05,2064.55,3582.05,3492.55,2191.75,2769.0,3105.0
2020-10-16,False,2041.75,2041.75,2041.75,2138.8,2549.0,3291.5,2369.75,2733.55,2649.25,2642.05,2064.55,3582.05,3492.55,2191.75,2769.0
2020-10-17,False,1976.75,1976.75,1976.75,2041.75,2138.8,2549.0,3291.5,2369.75,2733.55,2649.25,2642.05,2064.55,3582.05,3492.55,2191.75
2020-10-18,False,1820.25,1820.25,1820.25,1976.75,2041.75,2138.8,2549.0,3291.5,2369.75,2733.55,2649.25,2642.05,2064.55,3582.05,3492.55
2020-10-19,False,2801.25,2801.25,2801.25,1820.25,1976.75,2041.75,2138.8,2549.0,3291.5,2369.75,2733.55,2649.25,2642.05,2064.55,3582.05
2020-10-20,False,2074.75,2074.75,2074.75,2801.25,1820.25,1976.75,2041.75,2138.8,2549.0,3291.5,2369.75,2733.55,2649.25,2642.05,2064.55
2020-10-21,False,2781.55,2781.55,2781.55,2074.75,2801.25,1820.25,1976.75,2041.75,2138.8,2549.0,3291.5,2369.75,2733.55,2649.25,2642.05
2020-10-22,False,2101.5,2101.5,2101.5,2781.55,2074.75,2801.25,1820.25,1976.75,2041.75,2138.8,2549.0,3291.5,2369.75,2733.55,2649.25
2020-10-23,False,3149.25,3149.25,3149.25,2101.5,2781.55,2074.75,2801.25,1820.25,1976.75,2041.75,2138.8,2549.0,3291.5,2369.75,2733.55
2020-10-24,False,2580.25,2580.25,2580.25,3149.25,2101.5,2781.55,2074.75,2801.25,1820.25,1976.75,2041.75,2138.8,2549.0,3291.5,2369.75
2020-10-25,False,3355.75,3355.75,3355.75,2580.25,3149.25,2101.5,2781.55,2074.75,2801.25,1820.25,1976.75,2041.75,2138.8,2549.0,3291.5
2020-10-26,False,1738.0,1738.0,1738.0,3355.75,2580.25,3149.25,2101.5,2781.55,2074.75,2801.25,1820.25,1976.75,2041.75,2138.8,2549.0
2020-10-27,False,2991.3,2991.3,2991.3,1738.0,3355.75,2580.25,3149.25,2101.5,2781.55,2074.75,2801.25,1820.25,1976.75,2041.75,2138.8
2020-10-28,False,2396.0,2396.0,2396.0,2991.3,1738.0,3355.75,2580.25,3149.25,2101.5,2781.55,2074.75,2801.25,1820.25,1976.75,2041.75
2020-10-29,False,1930.25,1930.25,1930.25,2396.0,2991.3,1738.0,3355.75,2580.25,3149.25,2101.5,2781.55,2074.75,2801.25,1820.25,1976.75
2020-10-30,False,2914.55,2914.55,2914.55,1930.25,2396.0,2991.3,1738.0,3355.75,2580.25,3149.25,2101.5,2781.55,2074.75,2801.25,1820.25
2020-10-31,False,1779.55,1779.55,1779.55,2914.55,1930.25,2396.0,2991.3,1738.0,3355.75,2580.25,3149.25,2101.5,2781.55,2074.75,2801.25
2020-11-01,False,2819.0,2819.0,2819.0,1779.55,2914.55,1930.25,2396.0,2991.3,1738.0,3355.75,2580.25,3149.25,2101.5,2781.55,2074.75
2020-11-02,False,2518.25,2518.25,2518.25,2819.0,1779.55,2914.55,1930.25,2396.0,2991.3,1738.0,3355.75,2580.25,3149.25,2101.5,2781.55
2020-11-03,False,1942.5,1942.5,1942.5,2518.25,2819.0,1779.55,2914.55,1930.25,2396.0,2991.3,1738.0,3355.75,2580.25,3149.25,2101.5
2020-11-04,False,2300.55,2300.55,2300.55,1942.5,2518.25,2819.0,1779.55,2914.55,1930.25,2396.0,2991.3,1738.0,3355.75,2580.25,3149.25
2020-11-05,False,2509.0,2509.0,2509.0,2300.55,1942.5,2518.25,2819.0,1779.55,2914.55,1930.25,2396.0,2991.3,1738.0,3355.75,2580.25
2020-11-06,False,2051.25,2051.25,2051.25,2509.0,2300.55,1942.5,2518.25,2819.0,1779.55,2914.55,1930.25,2396.0,2991.3,1738.0,3355.75
2020-11-07,False,3160.0,3160.0,3160.0,2051.25,2509.0,2300.55,1942.5,2518.25,2819.0,1779.55,2914.55,1930.25,2396.0,2991.3,1738.0
2020-11-08,False,3582.0,3582.0,3582.0,3160.0,2051.25,2509.0,2300.55,1942.5,2518.25,2819.0,1779.55,2914.55,1930.25,2396.0,2991.3
2020-11-09,False,1976.75,1976.75,1976.75,3582.0,3160.0,2051.25,2509.0,2300.55,1942.5,2518.25,2819.0,1779.55,2914.55,1930.25,2396.0
2020-11-10,False,2126.25,2126.25,2126.25,1976.75,3582.0,3160.0,2051.25,2509.0,2300.55,1942.5,2518.25,2819.0,1779.55,2914.55,1930.25
2020-11-11,False,2247.25,2247.25,2247.25,2126.25,1976.75,3582.0,3160.0,2051.25,2509.0,2300.55,1942.5,2518.25,2819.0,1779.55,2914.55
2020-11-12,False,3349.25,3349.25,3349.25,2247.25,2126.25,1976.75,3582.0,3160.0,2051.25,2509.0,2300.55,1942.5,2518.25,2819.0,1779.55
2020-11-13,False,1990.75,1990.75,1990.75,3349.25,2247.25,2126.25,1976.75,3582.0,3160.0,2051.25,2509.0,2300.55,1942.5,2518.25,2819.0
2020-11-14,False,1909.75,1909.75,1909.75,1990.75,3349.25,2247.25,2126.25,1976.75,3582.0,3160.0,2051.25,2509.0,2300.55,1942.5,2518.25
2020-11-15,False,2452.75,2452.75,2452.75,1909.75,1990.75,3349.25,2247.25,2126.25,1976.75,3582.0,3160.0,2051.25,2509.0,2300.55,1942.5
2020-11-16,False,2780.0,2780.0,2780.0,2452.75,1909.75,1990.75,3349.25,2247.25,2126.25,1976.75,3582.0,3160.0,2051.25,2509.0,2300.55
2020-11-17,False,2282.5,2282.5,2282.5,2780.0,2452.75,1909.75,1990.75,3349.25,2247.25,2126.25,1976.75,3582.0,3160.0,2051.25,2509.0
2020-11-18,False,1806.0,1806.0,1806.0,2282.5,2780.0,2452.75,1909.75,1990.75,3349.25,2247.25,2126.25,1976.75,3582.0,3160.0,2051.25
2020-11-19,False,1761.75,1761.75,1761.75,1806.0,2282.5,2780.0,2452.75,1909.75,1990.75,3349.25,2247.25,2126.25,1976.75,3582.0,3160.0
2020-11-20,False,1838.25,1838.25,1838.25,1761.75,1806.0,2282.5,2780.0,2452.75,1909.75,1990.75,3349.25,2247.25,2126.25,1976.75,3582.0
2020-11-21,False,2757.5,2757.5,2757.5,1838.25,1761.75,1806.0,2282.5,2780.0,2452.75,1909.75,1990.75,3349.25,2247.25,2126.25,1976.75
2020-11-22,False,3544.75,3544.75,3544.75,2757.5,1838.25,1761.75,1806.0,2282.5,2780.0,2452.75,1909.75,1990.75,3349.25,2247.25,2126.25
2020-11-23,False,2951.5,2951.5,2951.5,3544.75,2757.5,1838.25,1761.75,1806.0,2282.5,2780.0,2452.75,1909.75,1990.75,3349.25,2247.25
2020-11-24,False,2535.75,2535.75,2535.75,2951.5,3544.75,2757.5,1838.25,1761.75,1806.0,2282.5,2780.0,2452.75,1909.75,1990.75,3349.25
2020-11-25,False,3224.0,3224.0,3224.0,2535.75,2951.5,3544.75,2757.5,1838.25,1761.75,1806.0,2282.5,2780.0,2452.75,1909.75,1990.75
2020-11-26,False,3117.25,3117.25,3117.25,3224.0,2535.75,2951.5,3544.75,2757.5,1838.25,1761.75,1806.0,2282.5,2780.0,2452.75,1909.75
2020-11-27,False,2943.5,2943.5,2943.5,3117.25,3224.0,2535.75,2951.5,3544.75,2757.5,1838.25,1761.75,1806.0,2282.5,2780.0,2452.75
2020-11-28,False,1742.5,1742.5,1742.5,2943.5,3117.25,3224.0,2535.75,2951.5,3544.75,2757.5,1838.25,1761.75,1806.0,2282.5,2780.0
2020-11-29,False,1839.6,1839.6,1839.6,1742.5,2943.5,3117.25,3224.0,2535.75,2951.5,3544.75,2757.5,1838.25,1761.75,1806.0,2282.5
2020-11-30,False,2247.5,2247.5,2247.5,1839.6,1742.5,2943.5,3117.25,3224.0,2535.75,2951.5,3544.75,2757.5,1838.25,1761.75,1806.0
2020-12-01,False,1897.55,1897.55,1897.55,2247.5,1839.6,1742.5,2943.5,3117.25,3224.0,2535.75,2951.5,3544.75,2757.5,1838.25,1761.75
2020-12-02,False,1890.75,1890.75,1890.75,1897.55,2247.5,1839.6,1742.5,2943.5,3117.25,3224.0,2535.75,2951.5,3544.75,2757.5,1838.25
2020-12-03,False,2530.0,2530.0,2530.0,1890.75,1897.55,2247.5,1839.6,1742.5,2943.5,3117.25,3224.0,2535.75,2951.5,3544.75,2757.5
2020-12-04,False,2019.75,2019.75,2019.75,2530.0,1890.75,1897.55,2247.5,1839.6,1742.5,2943.5,3117.25,3224.0,2535.75,2951.5,3544.75
2020-12-05,False,2229.0,2229.0,2229.0,2019.75,2530.0,1890.75,1897.55,2247.5,1839.6,1742.5,2943.5,3117.25,3224.0,2535.75,2951.5
2020-12-06,False,3456.75,3456.75,3456.75,2229.0,2019.75,2530.0,1890.75,1897.55,2247.5,1839.6,1742.5,2943.5,3117.25,3224.0,2535.75
2020-12-07,False,1743.05,1743.05,1743.05,3456.75,2229.0,2019.75,2530.0,1890.75,1897.55,2247.5,1839.6,1742.5,2943.5,3117.25,3224.0
2020-12-08,False,2103.3,2103.3,2103.3,1743.05,3456.75,2229.0,2019.75,2530.0,1890.75,1897.55,2247.5,1839.6,1742.5,2943.5,3117.25
2020-12-09,False,3334.0,3334.0,3334.0,2103.3,1743.05,3456.75,2229.0,2019.75,2530.0,1890.75,1897.55,2247.5,1839.6,1742.5,2943.5
2020-12-10,False,2935.75,2935.75,2935.75,3334.0,2103.3,1743.05,3456.75,2229.0,2019.75,2530.0,1890.75,1897.55,2247.5,1839.6,1742.5
2020-12-11,False,1827.5,1827.5,1827.5,2935.75,3334.0,2103.3,1743.05,3456.75,2229.0,2019.75,2530.0,1890.75,1897.55,2247.5,1839.6
2020-12-12,False,1973.5,1973.5,1973.5,1827.5,2935.75,3334.0,2103.3,1743.05,3456.75,2229.0,2019.75,2530.0,1890.75,1897.55,2247.5
2020-12-13,False,2569.0,2569.0,2569.0,1973.5,1827.5,2935.75,3334.0,2103.3,1743.05,3456.75,2229.0,2019.75,2530.0,1890.75,1897.55
2020-12-14,False,1738.0,1738.0,1738.0,2569.0,1973.5,1827.5,2935.75,3334.0,2103.3,1743.05,3456.75,2229.0,2019.75,2530.0,1890.75
2020-12-15,False,1990.5,1990.5,1990.5,1738.0,2569.0,1973.5,1827.5,2935.75,3334.0,2103.3,1743.05,3456.75,2229.0,2019.75,2530.0
2020-12-16,False,2219.75,2219.75,2219.75,1990.5,1738.0,2569.0,1973.5,1827.5,2935.75,3334.0,2103.3,1743.05,3456.75,2229.0,2019.75
2020-12-17,False,3262.75,3262.75,3262.75,2219.75,1990.5,1738.0,2569.0,1973.5,1827.5,2935.75,3334.0,2103.3,1743.05,3456.75,2229.0
2020-12-18,False,1847.3,1847.3,1847.3,3262.75,2219.75,1990.5,1738.0,2569.0,1973.5,1827.5,2935.75,3334.0,2103.3,1743.05,3456.75
2020-12-19,False,3471.75,3471.75,3471.75,1847.3,3262.75,2219.75,1990.5,1738.0,2569.0,1973.5,1827.5,2935.75,3334.0,2103.3,1743.05
2020-12-20,False,2188.25,2188.25,2188.25,3471.75,1847.3,3262.75,2219.75,1990.5,1738.0,2569.0,1973.5,1827.5,2935.75,3334.0,2103.3
2020-12-21,False,1889.25,1889.25,1889.25,2188.25,3471.75,1847.3,3262.75,2219.75,1990.5,1738.0,2569.0,1973.5,1827.5,2935.75,3334.0
2020-12-22,False,2483.35,2483.35,2483.35,1889.25,2188.25,3471.75,1847.3,3262.75,2219.75,1990.5,1738.0,2569.0,1973.5,1827.5,2935.75
2020-12-23,False,2006.5,2006.5,2006.5,2483.35,1889.25,2188.25,3471.75,1847.3,3262.75,2219.75,1990.5,1738.0,2569.0,1973.5,1827.5
2020-12-24,False,2459.0,2459.0,2459.0,2006.5,2483.35,1889.25,2188.25,3471.75,1847.3,3262.75,2219.75,1990.5,1738.0,2569.0,1973.5
2020-12-25,False,1923.75,1923.75,1923.75,2459.0,2006.5,2483.35,1889.25,2188.25,3471.75,1847.3,3262.75,2219.75,1990.5,1738.0,2569.0
2020-12-26,False,3371.0,3371.0,3371.0,1923.75,2459.0,2006.5,2483.35,1889.25,2188.25,3471.75,1847.3,3262.75,2219.75,1990.5,1738.0
2020-12-27,False,2630.0,2630.0,2630.0,3371.0,1923.75,2459.0,2006.5,2483.35,1889.25,2188.25,3471.75,1847.3,3262.75,2219.75,1990.5
2020-12-28,False,2497.0,2497.0,2497.0,2630.0,3371.0,1923.75,2459.0,2006.5,2483.35,1889.25,2188.25,3471.75,1847.3,3262.75,2219.75
2020-12-29,False,3409.0,3409.0,3409.0,2497.0,2630.0,3371.0,1923.75,2459.0,2006.5,2483.35,1889.25,2188.25,3471.75,1847.3,3262.75
2020-12-30,False,2789.5,2789.5,2789.5,3409.0,2497.0,2630.0,3371.0,1923.75,2459.0,2006.5,2483.35,1889.25,2188.25,3471.75,1847.3
2020-12-31,False,1989.05,1989.05,1989.05,2789.5,3409.0,2497.0,2630.0,3371.0,1923.75,2459.0,2006.5,2483.35,1889.25,2188.25,3471.75
2021-01-01,False,3566.0,3566.0,3566.0,1989.05,2789.5,3409.0,2497.0,2630.0,3371.0,1923.75,2459.0,2006.5,2483.35,1889.25,2188.25
2021-01-02,False,1965.0,1965.0,1965.0,3566.0,1989.05,2789.5,3409.0,2497.0,2630.0,3371.0,1923.75,2459.0,2006.5,2483.35,1889.25
2021-01-03,False,1790.75,1790.75,1790.75,1965.0,3566.0,1989.05,2789.5,3409.0,2497.0,2630.0,3371.0,1923.75,2459.0,2006.5,2483.35
2021-01-04,False,2199.0,2199.0,2199.0,1790.75,1965.0,3566.0,1989.05,2789.5,3409.0,2497.0,2630.0,3371.0,1923.75,2459.0,2006.5
2021-01-05,False,3429.5,3429.5,3429.5,2199.0,1790.75,1965.0,3566.0,1989.05,2789.5,3409.0,2497.0,2630.0,3371.0,1923.75,2459.0
2021-01-06,False,1876.0,1876.0,1876.0,3429.5,2199.0,1790.75,1965.0,3566.0,1989.05,2789.5,3409.0,2497.0,2630.0,3371.0,1923.75
2021-01-07,False,3440.5,3440.5,3440.5,1876.0,3429.5,2199.0,1790.75,1965.0,3566.0,1989.05,2789.5,3409.0,2497.0,2630.0,3371.0
2021-01-08,False,2101.75,2101.75,2101.75,3440.5,1876.0,3429.5,2199.0,1790.75,1965.0,3566.0,1989.05,2789.5,3409.0,2497.0,2630.0
2021-01-09,False,3058.5,3058.5,3058.5,2101.75,3440.5,1876.0,3429.5,2199.0,1790.75,1965.0,3566.0,1989.05,2789.5,3409.0,2497.0
2021-01-10,False,3219.3500000000004,3219.3500000000004,3219.3500000000004,3058.5,2101.75,3440.5,1876.0,3429.5,2199.0,1790.75,1965.0,3566.0,1989.05,2789.5,3409.0
2021-01-11,False,2413.25,2413.25,2413.25,3219.3500000000004,3058.5,2101.75,3440.5,1876.0,3429.5,2199.0,1790.75,1965.0,3566.0,1989.05,2789.5
2021-01-12,False,2467.3,2467.3,2467.3,2413.25,3219.3500000000004,3058.5,2101.75,3440.5,1876.0,3429.5,2199.0,1790.75,1965.0,3566.0,1989.05
2021-01-13,False,2657.25,2657.25,2657.25,2467.3,2413.25,3219.3500000000004,3058.5,2101.75,3440.5,1876.0,3429.5,2199.0,1790.75,1965.0,3566.0
2021-01-14,False,1901.05,1901.05,1901.05,2657.25,2467.3,2413.25,3219.3500000000004,3058.5,2101.75,3440.5,1876.0,3429.5,2199.0,1790.75,1965.0
2021-01-15,False,3051.5,3051.5,3051.5,1901.05,2657.25,2467.3,2413.25,3219.3500000000004,3058.5,2101.75,3440.5,1876.0,3429.5,2199.0,1790.75
2021-01-16,False,1922.5,1922.5,1922.5,3051.5,1901.05,2657.25,2467.3,2413.25,3219.3500000000004,3058.5,2101.75,3440.5,1876.0,3429.5,2199.0
2021-01-17,False,2224.8,2224.8,2224.8,1922.5,3051.5,1901.05,2657.25,2467.3,2413.25,3219.3500000000004,3058.5,2101.75,3440.5,1876.0,3429.5
2021-01-18,False,2149.75,2149.75,2149.75,2224.8,1922.5,3051.5,1901.05,2657.25,2467.3,2413.25,3219.3500000000004,3058.5,2101.75,3440.5,1876.0
2021-01-19,False,3352.0,3352.0,3352.0,2149.75,2224.8,1922.5,3051.5,1901.05,2657.25,2467.3,2413.25,3219.3500000000004,3058.5,2101.75,3440.5
2021-01-20,False,2993.5,2993.5,2993.5,3352.0,2149.75,2224.8,1922.5,3051.5,1901.05,2657.25,2467.3,2413.25,3219.3500000000004,3058.5,2101.75
2021-01-21,False,2459.25,2459.25,2459.25,2993.5,3352.0,2149.75,2224.8,1922.5,3051.5,1901.05,2657.25,2467.3,2413.25,3219.3500000000004,3058.5
2021-01-22,False,1758.75,1758.75,1758.75,2459.25,2993.5,3352.0,2149.75,2224.8,1922.5,3051.5,1901.05,2657.25,2467.3,2413.25,3219.3500000000004
2021-01-23,False,2402.25,2402.25,2402.25,1758.75,2459.25,2993.5,3352.0,2149.75,2224.8,1922.5,3051.5,1901.05,2657.25,2467.3,2413.25
2021-01-24,False,3029.5,3029.5,3029.5,2402.25,1758.75,2459.25,2993.5,3352.0,2149.75,2224.8,1922.5,3051.5,1901.05,2657.25,2467.3
2021-01-25,False,3294.75,3294.75,3294.75,3029.5,2402.25,1758.75,2459.25,2993.5,3352.0,2149.75,2224.8,1922.5,3051.5,1901.05,2657.25
2021-01-26,False,3079.0,3079.0,3079.0,3294.75,3029.5,2402.25,1758.75,2459.25,2993.5,3352.0,2149.75,2224.8,1922.5,3051.5,1901.05
2021-01-27,False,2167.25,2167.25,2167.25,3079.0,3294.75,3029.5,2402.25,1758.75,2459.25,2993.5,3352.0,2149.75,2224.8,1922.5,3051.5
2021-01-28,False,2374.5,2374.5,2374.5,2167.25,3079.0,3294.75,3029.5,2402.25,1758.75,2459.25,2993.5,3352.0,2149.75,2224.8,1922.5
2021-01-29,False,2386.5,2386.5,2386.5,2374.5,2167.25,3079.0,3294.75,3029.5,2402.25,1758.75,2459.25,2993.5,3352.0,2149.75,2224.8
2021-01-30,False,2611.5,2611.5,2611.5,2386.5,2374.5,2167.25,3079.0,3294.75,3029.5,2402.25,1758.75,2459.25,2993.5,3352.0,2149.75
2021-01-31,False,2883.75,2883.75,2883.75,2611.5,2386.5,2374.5,2167.25,3079.0,3294.75,3029.5,2402.25,1758.75,2459.25,2993.5,3352.0
2021-02-01,False,1929.0,1929.0,1929.0,2883.75,2611.5,2386.5,2374.5,2167.25,3079.0,3294.75,3029.5,2402.25,1758.75,2459.25,2993.5
2021-02-02,False,1778.55,1778.55,1778.55,1929.0,2883.75,2611.5,2386.5,2374.5,2167.25,3079.0,3294.75,3029.5,2402.25,1758.75,2459.25
2021-02-03,False,1893.25,1893.25,1893.25,1778.55,1929.0,2883.75,2611.5,2386.5,2374.5,2167.25,3079.0,3294.75,3029.5,2402.25,1758.75
2021-02-04,False,3470.25,3470.25,3470.25,1893.25,1778.55,1929.0,2883.75,2611.5,2386.5,2374.5,2167.25,3079.0,3294.75,3029.5,2402.25
2021-02-05,False,1865.75,1865.75,1865.75,3470.25,1893.25,1778.55,1929.0,2883.75,2611.5,2386.5,2374.5,2167.25,3079.0,3294.75,3029.5
2021-02-06,False,3174.75,3174.75,3174.75,1865.75,3470.25,1893.25,1778.55,1929.0,2883.75,2611.5,2386.5,2374.5,2167.25,3079.0,3294.75
2021-02-07,False,1940.75,1940.75,1940.75,3174.75,1865.75,3470.25,1893.25,1778.55,1929.0,2883.75,2611.5,2386.5,2374.5,2167.25,3079.0
2021-02-08,False,2512.5,2512.5,2512.5,1940.75,3174.75,1865.75,3470.25,1893.25,1778.55,1929.0,2883.75,2611.5,2386.5,2374.5,2167.25
2021-02-09,False,2966.5,2966.5,2966.5,2512.5,1940.75,3174.75,1865.75,3470.25,1893.25,1778.55,1929.0,2883.75,2611.5,2386.5,2374.5
2021-02-10,False,1806.75,1806.75,1806.75,2966.5,2512.5,1940.75,3174.75,1865.75,3470.25,1893.25,1778.55,1929.0,2883.75,2611.5,2386.5
2021-02-11,False,2223.75,2223.75,2223.75,1806.75,2966.5,2512.5,1940.75,3174.75,1865.75,3470.25,1893.25,1778.55,1929.0,2883.75,2611.5
2021-02-12,False,2522.0,2522.0,2522.0,2223.75,1806.75,2966.5,2512.5,1940.75,3174.75,1865.75,3470.25,1893.25,1778.55,1929.0,2883.75
2021-02-13,False,2027.75,2027.75,2027.75,2522.0,2223.75,1806.75,2966.5,2512.5,1940.75,3174.75,1865.75,3470.25,1893.25,1778.55,1929.0
2021-02-14,False,2883.5,2883.5,2883.5,2027.75,2522.0,2223.75,1806.75,2966.5,2512.5,1940.75,3174.75,1865.75,3470.25,1893.25,1778.55
2021-02-15,False,2161.25,2161.25,2161.25,2883.5,2027.75,2522.0,2223.75,1806.75,2966.5,2512.5,1940.75,3174.75,1865.75,3470.25,1893.25
2021-02-16,False,2051.0,2051.0,2051.0,2161.25,2883.5,2027.75,2522.0,2223.75,1806.75,2966.5,2512.5,1940.75,3174.75,1865.75,3470.25
2021-02-17,False,2443.5,2443.5,2443.5,2051.0,2161.25,2883.5,2027.75,2522.0,2223.75,1806.75,2966.5,2512.5,1940.75,3174.75,1865.75
2021-02-18,False,3329.0,3329.0,3329.0,2443.5,2051.0,2161.25,2883.5,2027.75,2522.0,2223.75,1806.75,2966.5,2512.5,1940.75,3174.75
2021-02-19,False,2115.0,2115.0,2115.0,3329.0,2443.5,2051.0,2161.25,2883.5,2027.75,2522.0,2223.75,1806.75,2966.5,2512.5,1940.75
2021-02-20,False,1750.75,1750.75,1750.75,2115.0,3329.0,2443.5,2051.0,2161.25,2883.5,2027.75,2522.0,2223.75,1806.75,2966.5,2512.5
2021-02-21,False,2325.55,2325.55,2325.55,1750.75,2115.0,3329.0,2443.5,2051.0,2161.25,2883.5,2027.75,2522.0,2223.75,1806.75,2966.5
2021-02-22,False,1981.5,1981.5,1981.5,2325.55,1750.75,2115.0,3329.0,2443.5,2051.0,2161.25,2883.5,2027.75,2522.0,2223.75,1806.75
2021-02-23,False,1882.5,1882.5,1882.5,1981.5,2325.55,1750.75,2115.0,3329.0,2443.5,2051.0,2161.25,2883.5,2027.75,2522.0,2223.75
2021-02-24,False,3452.8,3452.8,3452.8,1882.5,1981.5,2325.55,1750.75,2115.0,3329.0,2443.5,2051.0,2161.25,2883.5,2027.75,2522.0
2021-02-25,False,2705.25,2705.25,2705.25,3452.8,1882.5,1981.5,2325.55,1750.75,2115.0,3329.0,2443.5,2051.0,2161.25,2883.5,2027.75
2021-02-26,False,2878.3,2878.3,2878.3,2705.25,3452.8,1882.5,1981.5,2325.55,1750.75,2115.0,3329.0,2443.5,2051.0,2161.25,2883.5
2021-02-27,False,2227.05,2227.05,2227.05,2878.3,2705.25,3452.8,1882.5,1981.5,2325.55,1750.75,2115.0,3329.0,2443.5,2051.0,2161.25
2021-02-28,False,2911.5,2911.5,2911.5,2227.05,2878.3,2705.25,3452.8,1882.5,1981.5,2325.55,1750.75,2115.0,3329.0,2443.5,2051.0
2021-03-01,False,2122.75,2122.75,2122.75,2911.5,2227.05,2878.3,2705.25,3452.8,1882.5,1981.5,2325.55,1750.75,2115.0,3329.0,2443.5
2021-03-02,False,3300.3,3300.3,3300.3,2122.75,2911.5,2227.05,2878.3,2705.25,3452.8,1882.5,1981.5,2325.55,1750.75,2115.0,3329.0
2021-03-03,False,2177.75,2177.75,2177.75,3300.3,2122.75,2911.5,2227.05,2878.3,2705.25,3452.8,1882.5,1981.5,2325.55,1750.75,2115.0
2021-03-04,False,1812.55,1812.55,1812.55,2177.75,3300.3,2122.75,2911.5,2227.05,2878.3,2705.25,3452.8,1882.5,1981.5,2325.55,1750.75
2021-03-05,False,2552.5,2552.5,2552.5,1812.55,2177.75,3300.3,2122.75,2911.5,2227.05,2878.3,2705.25,3452.8,1882.5,1981.5,2325.55
2021-03-06,False,3199.0,3199.0,3199.0,2552.5,1812.55,2177.75,3300.3,2122.75,2911.5,2227.05,2878.3,2705.25,3452.8,1882.5,1981.5
2021-03-07,False,1862.5,1862.5,1862.5,3199.0,2552.5,1812.55,2177.75,3300.3,2122.75,2911.5,2227.05,2878.3,2705.25,3452.8,1882.5
2021-03-08,False,2102.25,2102.25,2102.25,1862.5,3199.0,2552.5,1812.55,2177.75,3300.3,2122.75,2911.5,2227.05,2878.3,2705.25,3452.8
2021-03-09,False,3251.75,3251.75,3251.75,2102.25,1862.5,3199.0,2552.5,1812.55,2177.75,3300.3,2122.75,2911.5,2227.05,2878.3,2705.25
2021-03-10,False,2073.25,2073.25,2073.25,3251.75,2102.25,1862.5,3199.0,2552.5,1812.55,2177.75,3300.3,2122.75,2911.5,2227.05,2878.3
2021-03-11,False,2758.25,2758.25,2758.25,2073.25,3251.75,2102.25,1862.5,3199.0,2552.5,1812.55,2177.75,3300.3,2122.75,2911.5,2227.05
2021-03-12,False,1840.0,1840.0,1840.0,2758.25,2073.25,3251.75,2102.25,1862.5,3199.0,2552.5,1812.55,2177.75,3300.3,2122.75,2911.5
2021-03-13,False,2047.55,2047.55,2047.55,1840.0,2758.25,2073.25,3251.75,2102.25,1862.5,3199.0,2552.5,1812.55,2177.75,3300.3,2122.75
2021-03-14,False,1922.25,1922.25,1922.25,2047.55,1840.0,2758.25,2073.25,3251.75,2102.25,1862.5,3199.0,2552.5,1812.55,2177.75,3300.3
2021-03-15,False,3497.55,3497.55,3497.55,1922.25,2047.55,1840.0,2758.25,2073.25,3251.75,2102.25,1862.5,3199.0,2552.5,1812.55,2177.75
2021-03-16,False,2116.75,2116.75,2116.75,3497.55,1922.25,2047.55,1840.0,2758.25,2073.25,3251.75,2102.25,1862.5,3199.0,2552.5,1812.55
2021-03-17,False,1735.0,1735.0,1735.0,2116.75,3497.55,1922.25,2047.55,1840.0,2758.25,2073.25,3251.75,2102.25,1862.5,3199.0,2552.5
2021-03-18,False,3285.8,3285.8,3285.8,1735.0,2116.75,3497.55,1922.25,2047.55,1840.0,2758.25,2073.25,3251.75,2102.25,1862.5,3199.0
2021-03-19,False,1809.5,1809.5,1809.5,3285.8,1735.0,2116.75,3497.55,1922.25,2047.55,1840.0,2758.25,2073.25,3251.75,2102.25,1862.5
2021-03-20,False,2182.5,2182.5,2182.5,1809.5,3285.8,1735.0,2116.75,3497.55,1922.25,2047.55,1840.0,2758.25,2073.25,3251.75,2102.25
2021-03-21,False,3007.5,3007.5,3007.5,2182.5,1809.5,3285.8,1735.0,2116.75,3497.55,1922.25,2047.55,1840.0,2758.25,2073.25,3251.75
2021-03-22,False,2857.75,2857.75,2857.75,3007.5,2182.5,1809.5,3285.8,1735.0,2116.75,3497.55,1922.25,2047.55,1840.0,2758.25,2073.25
2021-03-23,False,2028.25,2028.25,2028.25,2857.75,3007.5,2182.5,1809.5,3285.8,1735.0,2116.75,3497.55,1922.25,2047.55,1840.0,2758.25
2021-03-24,False,2055.4,2055.4,2055.4,2028.25,2857.75,3007.5,2182.5,1809.5,3285.8,1735.0,2116.75,3497.55,1922.25,2047.55,1840.0
2021-03-25,False,2485.25,2485.25,2485.25,2055.4,2028.25,2857.75,3007.5,2182.5,1809.5,3285.8,1735.0,2116.75,3497.55,1922.25,2047.55
2021-03-26,False,3162.5,3162.5,3162.5,2485.25,2055.4,2028.25,2857.75,3007.5,2182.5,1809.5,3285.8,1735.0,2116.75,3497.55,1922.25
2021-03-27,False,1778.25,1778.25,1778.25,3162.5,2485.25,2055.4,2028.25,2857.75,3007.5,2182.5,1809.5,3285.8,1735.0,2116.75,3497.55
2021-03-28,False,2705.0,2705.0,2705.0,1778.25,3162.5,2485.25,2055.4,2028.25,2857.75,3007.5,2182.5,1809.5,3285.8,1735.0,2116.75
2021-03-29,False,2984.0,2984.0,2984.0,2705.0,1778.25,3162.5,2485.25,2055.4,2028.25,2857.75,3007.5,2182.5,1809.5,3285.8,1735.0
2021-03-30,False,1773.55,1773.55,1773.55,2984.0,2705.0,1778.25,3162.5,2485.25,2055.4,2028.25,2857.75,3007.5,2182.5,1809.5,3285.8
2021-03-31,False,3291.5,3291.5,3291.5,1773.55,2984.0,2705.0,1778.25,3162.5,2485.25,2055.4,2028.25,2857.75,3007.5,2182.5,1809.5
2021-04-01,False,2497.05,2497.05,2497.05,3291.5,1773.55,2984.0,2705.0,1778.25,3162.5,2485.25,2055.4,2028.25,2857.75,3007.5,2182.5
2021-04-02,False,1795.5,1795.5,1795.5,2497.05,3291.5,1773.55,2984.0,2705.0,1778.25,3162.5,2485.25,2055.4,2028.25,2857.75,3007.5
2021-04-03,False,3266.05,3266.05,3266.05,1795.5,2497.05,3291.5,1773.55,2984.0,2705.0,1778.25,3162.5,2485.25,2055.4,2028.25,2857.75
2021-04-04,False,3400.0,3400.0,3400.0,3266.05,1795.5,2497.05,3291.5,1773.55,2984.0,2705.0,1778.25,3162.5,2485.25,2055.4,2028.25
2021-04-05,False,2488.3,2488.3,2488.3,3400.0,3266.05,1795.5,2497.05,3291.5,1773.55,2984.0,2705.0,1778.25,3162.5,2485.25,2055.4
2021-04-06,False,2214.0,2214.0,2214.0,2488.3,3400.0,3266.05,1795.5,2497.05,3291.5,1773.55,2984.0,2705.0,1778.25,3162.5,2485.25
2021-04-07,False,2195.0,2195.0,2195.0,2214.0,2488.3,3400.0,3266.05,1795.5,2497.05,3291.5,1773.55,2984.0,2705.0,1778.25,3162.5
2021-04-08,False,2034.5,2034.5,2034.5,2195.0,2214.0,2488.3,3400.0,3266.05,1795.5,2497.05,3291.5,1773.55,2984.0,2705.0,1778.25
2021-04-09,False,2950.0,2950.0,2950.0,2034.5,2195.0,2214.0,2488.3,3400.0,3266.05,1795.5,2497.05,3291.5,1773.55,2984.0,2705.0
2021-04-10,False,2274.0,2274.0,2274.0,2950.0,2034.5,2195.0,2214.0,2488.3,3400.0,3266.05,1795.5,2497.05,3291.5,1773.55,2984.0
2021-04-11,False,1773.1,1773.1,1773.1,2274.0,2950.0,2034.5,2195.0,2214.0,2488.3,3400.0,3266.05,1795.5,2497.05,3291.5,1773.55
2021-04-12,False,2031.75,2031.75,2031.75,1773.1,2274.0,2950.0,2034.5,2195.0,2214.0,2488.3,3400.0,3266.05,1795.5,2497.05,3291.5
2021-04-13,False,2002.5,2002.5,2002.5,2031.75,1773.1,2274.0,2950.0,2034.5,2195.0,2214.0,2488.3,3400.0,3266.05,1795.5,2497.05
2021-04-14,False,2757.0,2757.0,2757.0,2002.5,2031.75,1773.1,2274.0,2950.0,2034.5,2195.0,2214.0,2488.3,3400.0,3266.05,1795.5
2021-04-15,False,2067.3,2067.3,2067.3,2757.0,2002.5,2031.75,1773.1,2274.0,2950.0,2034.5,2195.0,2214.0,2488.3,3400.0,3266.05
2021-04-16,False,2179.0,2179.0,2179.0,2067.3,2757.0,2002.5,2031.75,1773.1,2274.0,2950.0,2034.5,2195.0,2214.0,2488.3,3400.0
2021-04-17,False,3287.75,3287.75,3287.75,2179.0,2067.3,2757.0,2002.5,2031.75,1773.1,2274.0,2950.0,2034.5,2195.0,2214.0,2488.3
2021-04-18,False,2442.0,2442.0,2442.0,3287.75,2179.0,2067.3,2757.0,2002.5,2031.75,1773.1,2274.0,2950.0,2034.5,2195.0,2214.0
2021-04-19,False,2467.75,2467.75,2467.75,2442.0,3287.75,2179.0,2067.3,2757.0,2002.5,2031.75,1773.1,2274.0,2950.0,2034.5,2195.0
2021-04-20,False,2405.25,2405.25,2405.25,2467.75,2442.0,3287.75,2179.0,2067.3,2757.0,2002.5,2031.75,1773.1,2274.0,2950.0,2034.5
2021-04-21,False,1930.25,1930.25,1930.25,2405.25,2467.75,2442.0,3287.75,2179.0,2067.3,2757.0,2002.5,2031.75,1773.1,2274.0,2950.0
2021-04-22,False,2023.6,2023.6,2023.6,1930.25,2405.25,2467.75,2442.0,3287.75,2179.0,2067.3,2757.0,2002.5,2031.75,1773.1,2274.0
2021-04-23,False,2176.0,2176.0,2176.0,2023.6,1930.25,2405.25,2467.75,2442.0,3287.75,2179.0,2067.3,2757.0,2002.5,2031.75,1773.1
2021-04-24,False,2601.75,2601.75,2601.75,2176.0,2023.6,1930.25,2405.25,2467.75,2442.0,3287.75,2179.0,2067.3,2757.0,2002.5,2031.75
2021-04-25,False,2144.0,2144.0,2144.0,2601.75,2176.0,2023.6,1930.25,2405.25,2467.75,2442.0,3287.75,2179.0,2067.3,2757.0,2002.5
2021-04-26,False,1962.5,1962.5,1962.5,2144.0,2601.75,2176.0,2023.6,1930.25,2405.25,2467.75,2442.0,3287.75,2179.0,2067.3,2757.0
2021-04-27,False,2271.0,2271.0,2271.0,1962.5,2144.0,2601.75,2176.0,2023.6,1930.25,2405.25,2467.75,2442.0,3287.75,2179.0,2067.3
2021-04-28,False,3410.0,3410.0,3410.0,2271.0,1962.5,2144.0,2601.75,2176.0,2023.6,1930.25,2405.25,2467.75,2442.0,3287.75,2179.0
2021-04-29,False,2851.25,2851.25,2851.25,3410.0,2271.0,1962.5,2144.0,2601.75,2176.0,2023.6,1930.25,2405.25,2467.75,2442.0,3287.75
2021-04-30,False,2709.75,2709.75,2709.75,2851.25,3410.0,2271.0,1962.5,2144.0,2601.75,2176.0,2023.6,1930.25,2405.25,2467.75,2442.0
2021-05-01,False,1774.5,1774.5,1774.5,2709.75,2851.25,3410.0,2271.0,1962.5,2144.0,2601.75,2176.0,2023.6,1930.25,2405.25,2467.75
2021-05-02,False,1977.0,1977.0,1977.0,1774.5,2709.75,2851.25,3410.0,2271.0,1962.5,2144.0,2601.75,2176.0,2023.6,1930.25,2405.25
